{
    "0": {
        "advance": 28,
        "bearingX": 2,
        "bearingY": 30,
        "codePoint": 48,
        "height": 31,
        "width": 24
    },
    "1": {
        "advance": 20,
        "bearingX": 2,
        "bearingY": 30,
        "codePoint": 49,
        "height": 30,
        "width": 14
    },
    "2": {
        "advance": 25,
        "bearingX": 2,
        "bearingY": 30,
        "codePoint": 50,
        "height": 30,
        "width": 22
    },
    "3": {
        "advance": 26,
        "bearingX": 2,
        "bearingY": 30,
        "codePoint": 51,
        "height": 31,
        "width": 23
    },
    "4": {
        "advance": 27,
        "bearingX": 1,
        "bearingY": 30,
        "codePoint": 52,
        "height": 30,
        "width": 25
    },
    "5": {
        "advance": 26,
        "bearingX": 2,
        "bearingY": 30,
        "codePoint": 53,
        "height": 31,
        "width": 22
    },
    "6": {
        "advance": 26,
        "bearingX": 1,
        "bearingY": 30,
        "codePoint": 54,
        "height": 31,
        "width": 24
    },
    "7": {
        "advance": 24,
        "bearingX": 1,
        "bearingY": 30,
        "codePoint": 55,
        "height": 30,
        "width": 21
    },
    "8": {
        "advance": 26,
        "bearingX": 1,
        "bearingY": 30,
        "codePoint": 56,
        "height": 31,
        "width": 24
    },
    "9": {
        "advance": 26,
        "bearingX": 2,
        "bearingY": 30,
        "codePoint": 57,
        "height": 31,
        "width": 23
    }
}
