{
    "__categories": [
        {
            "expanded": true,
            "id": "raw",
            "visible": true
        }
    ],
    "__groups": [
    ],
    "bitsPerPixel": {
        "enabled": false,
        "type": "integer",
        "value": 32,
        "visible": true
    },
    "colorCount": {
        "enabled": false,
        "type": "integer",
        "value": 17,
        "visible": true
    },
    "colorMaskMode": {
        "enabled": true,
        "type": "combo",
        "value": 0,
        "visible": true
    },
    "colorMode": {
        "enabled": true,
        "type": "combo",
        "value": 6,
        "visible": true
    },
    "maskColor": {
        "enabled": true,
        "image": "{f7b2b7f1-7952-4490-8a1a-91260cee7565}",
        "type": "imagecolor",
        "value": 0,
        "visible": false
    },
    "outputSize": {
        "enabled": false,
        "type": "integer",
        "value": 704,
        "visible": true
    },
    "renderMode": {
        "enabled": true,
        "type": "combo",
        "value": 0,
        "visible": true
    },
    "useRLE": {
        "enabled": true,
        "type": "boolean",
        "value": false,
        "visible": true
    }
}
