{
    "0": {
        "advance": 66,
        "bearingX": 4,
        "bearingY": 71,
        "codePoint": 48,
        "height": 73,
        "width": 58
    },
    "1": {
        "advance": 47,
        "bearingX": 4,
        "bearingY": 70,
        "codePoint": 49,
        "height": 70,
        "width": 33
    },
    "2": {
        "advance": 60,
        "bearingX": 4,
        "bearingY": 71,
        "codePoint": 50,
        "height": 71,
        "width": 52
    },
    "3": {
        "advance": 63,
        "bearingX": 4,
        "bearingY": 71,
        "codePoint": 51,
        "height": 72,
        "width": 55
    },
    "4": {
        "advance": 65,
        "bearingX": 4,
        "bearingY": 70,
        "codePoint": 52,
        "height": 70,
        "width": 57
    },
    "5": {
        "advance": 62,
        "bearingX": 5,
        "bearingY": 70,
        "codePoint": 53,
        "height": 71,
        "width": 53
    },
    "6": {
        "advance": 63,
        "bearingX": 4,
        "bearingY": 71,
        "codePoint": 54,
        "height": 72,
        "width": 55
    },
    "7": {
        "advance": 57,
        "bearingX": 3,
        "bearingY": 70,
        "codePoint": 55,
        "height": 70,
        "width": 50
    },
    "8": {
        "advance": 63,
        "bearingX": 4,
        "bearingY": 71,
        "codePoint": 56,
        "height": 72,
        "width": 55
    },
    "9": {
        "advance": 63,
        "bearingX": 4,
        "bearingY": 71,
        "codePoint": 57,
        "height": 72,
        "width": 55
    },
    "°": {
        "advance": 44,
        "bearingX": 5,
        "bearingY": 71,
        "codePoint": 176,
        "height": 35,
        "width": 34
    },
    "±": {
        "advance": 65,
        "bearingX": 8,
        "bearingY": 54,
        "codePoint": 177,
        "height": 52,
        "width": 49
    }
}
