{
    "images": [
        {
            "id": "{f933e291-68c3-4485-a30c-54bef1b736d9}",
            "name": "settings",
            "type": "RGB"
        },
        {
            "id": "{48fd2a78-29ae-46f4-8fe1-8a8eb436f153}",
            "name": "water_drop",
            "type": "RGB"
        },
        {
            "id": "{0e3d3df9-f23c-49d7-b85a-b4de069a4588}",
            "name": "all_reg",
            "type": "RGB"
        },
        {
            "id": "{4a5e37fd-0054-45e8-8463-25583cd9c0c9}",
            "name": "mgs_logo",
            "type": "RGB"
        },
        {
            "id": "{a48efc63-c2a6-4973-8b20-51243edd67dd}",
            "name": "chevron_left11x16",
            "type": "RGB"
        },
        {
            "id": "{b6906b8d-ef47-44e5-baf0-80f02c7f13c1}",
            "name": "chevron_right11x16",
            "type": "RGB"
        },
        {
            "id": "{a66a05a5-d858-41a3-b2f9-a661c1fcf8dd}",
            "name": "chevron_left15x24",
            "type": "RGB"
        },
        {
            "id": "{f3017820-1596-4926-9409-65d8cf108448}",
            "name": "chevron_right15x24",
            "type": "RGB"
        },
        {
            "id": "{5dc092ce-c6f9-4052-abbe-6f88cac39d2e}",
            "name": "bubble_chart_40x40",
            "type": "RGB"
        },
        {
            "id": "{fb435094-b611-4637-b1d7-1165aa2c51f0}",
            "name": "Song_Pic_Example",
            "type": "RGB"
        },
        {
            "id": "{bdd43893-1b17-4043-951d-5fb9b8db13e2}",
            "name": "pause_circle",
            "type": "RGB"
        },
        {
            "id": "{0a2ef167-3221-4db3-ad4d-bc023a9f926a}",
            "name": "skip_next",
            "type": "RGB"
        },
        {
            "id": "{a15023cb-00b4-4cda-9518-161c5a3b5eb4}",
            "name": "skip_previous",
            "type": "RGB"
        },
        {
            "id": "{3422d415-ec04-4969-b882-8e4e01acc1d7}",
            "name": "volume_16x16",
            "type": "RGB"
        },
        {
            "id": "{bb144fbb-5e07-459d-9211-5f1db1a7f670}",
            "name": "Color_8F93EF",
            "type": "RGB"
        },
        {
            "id": "{f691511f-3bcb-4748-b72e-026faa095167}",
            "name": "Color_8F93EF_sel",
            "type": "RGB"
        },
        {
            "id": "{0a823598-9e9f-4b2f-9e20-8a3471037617}",
            "name": "Color_8FEFDE",
            "type": "RGB"
        },
        {
            "id": "{cd567061-69d8-4d70-adb2-b7d4d45f2b37}",
            "name": "Color_8FEFDE_sel",
            "type": "RGB"
        },
        {
            "id": "{3a468728-b7cd-454f-8930-1e305dc7ca51}",
            "name": "Color_97EF8F",
            "type": "RGB"
        },
        {
            "id": "{98883e68-49bd-4009-941f-c4b420be4b8c}",
            "name": "Color_97EF8F_sel",
            "type": "RGB"
        },
        {
            "id": "{f994cf33-7122-4719-9072-1c03f52efa30}",
            "name": "Color_EF8F8F",
            "type": "RGB"
        },
        {
            "id": "{e5c785af-ccb4-4a9d-bd2e-66745facc015}",
            "name": "Color_EF8F8F_sel",
            "type": "RGB"
        },
        {
            "id": "{10618e9c-0938-4741-8a8f-edcaa7996d3b}",
            "name": "Color_EF8FE6",
            "type": "RGB"
        },
        {
            "id": "{88d6da0b-5efe-42d6-a12d-0791a0cd8da1}",
            "name": "Color_EF8FE6_sel",
            "type": "RGB"
        },
        {
            "id": "{38fbed69-ea52-4cb9-ae4f-1e5cb5bf0f91}",
            "name": "Color_EFB88F",
            "type": "RGB"
        },
        {
            "id": "{41a7eca0-4fd6-4c99-a060-dc8df74e6e89}",
            "name": "Color_EFB88F_sel",
            "type": "RGB"
        },
        {
            "id": "{54a25be3-1352-42ff-a858-430d5bc5eff3}",
            "name": "Color_EFEB8F",
            "type": "RGB"
        },
        {
            "id": "{b280c71a-9927-490b-b0fa-df368f07dfe4}",
            "name": "Color_EFEB8F_sel",
            "type": "RGB"
        },
        {
            "id": "{b52e7862-b57b-4648-ba55-8c65a5d7bdff}",
            "name": "Color_radial",
            "type": "RGB"
        },
        {
            "id": "{ab5f9980-6b06-45d2-9a93-2ed2f10a7120}",
            "name": "Color_radial_sel",
            "type": "RGB"
        },
        {
            "id": "{d583b081-ee9f-4a17-8f76-64bf06e93ec6}",
            "name": "vertical_line",
            "type": "RGB"
        },
        {
            "id": "{4e37fd44-97d5-4f42-94ec-f93eef879067}",
            "name": "button_154x44",
            "type": "RGB"
        },
        {
            "id": "{ca68d0a9-9d48-47dd-9113-bb02bb8541bd}",
            "name": "wifi_add",
            "type": "RGB"
        },
        {
            "id": "{01594a92-3d38-4f22-a502-10bcc36f42c3}",
            "name": "rss_feed",
            "type": "RGB"
        },
        {
            "id": "{158517d9-13b5-4d83-83fa-ba5b9a42b376}",
            "name": "button_unsel_216x44",
            "type": "RGB"
        },
        {
            "id": "{906f2633-bfb4-44b2-a5f2-3273b666ab84}",
            "name": "check_small",
            "type": "RGB"
        },
        {
            "id": "{642e55f4-5e63-4421-9e8d-9ee43ab948fb}",
            "name": "reg_2",
            "type": "RGB"
        },
        {
            "id": "{060c01ab-37b3-4bca-819e-3bc6d496562f}",
            "name": "reg_1",
            "type": "RGB"
        },
        {
            "id": "{02b84f1d-db56-4d6f-8bf3-02680beb3fa0}",
            "name": "reg_3",
            "type": "RGB"
        },
        {
            "id": "{e112b42e-b8e9-499c-8a25-ffb5fb85763b}",
            "name": "reg_4",
            "type": "RGB"
        },
        {
            "id": "{8cb0f8b0-e881-4a2c-be5e-9b19d3527914}",
            "name": "reply",
            "type": "RGB"
        },
        {
            "id": "{62ee67ec-b43f-41bb-8661-35e97935e936}",
            "name": "phone_iphone",
            "type": "RGB"
        },
        {
            "id": "{6acba85c-49a1-4416-915e-b973efef0623}",
            "name": "wifi_scan",
            "type": "RGB"
        },
        {
            "id": "{73a8f1de-4872-45a5-9ab9-02f4307f3c9b}",
            "name": "Song_Pic_large",
            "type": "RGB"
        },
        {
            "id": "{b5b5b865-7bad-473c-aa8c-5546d23dea27}",
            "name": "pause_circle_48x48",
            "type": "RGB"
        },
        {
            "id": "{bfcd4c68-55d5-4b7d-b08f-553647d85ced}",
            "name": "skip_next_48x48",
            "type": "RGB"
        },
        {
            "id": "{091001da-d193-442f-8e83-3a89c9ba9032}",
            "name": "skip_previous_48x48",
            "type": "RGB"
        },
        {
            "id": "{961c9a9b-5eed-4b6b-8e0f-4886765114c2}",
            "name": "brg_btn",
            "type": "RGB"
        },
        {
            "id": "{a564688e-efc3-4c0b-a296-73749d9f203c}",
            "name": "mchp_logo",
            "type": "RGB"
        },
        {
            "id": "{8f0ac6f7-aa14-483b-b1d8-b629ea3eefd8}",
            "name": "mgs_mega_logo",
            "type": "RGB"
        },
        {
            "id": "{01b72ce0-92b6-4093-b910-665aece2dc81}",
            "name": "play_circle_48x48",
            "type": "RGB"
        },
        {
            "id": "{f6e44c28-dcd4-49bb-aaee-c1754d38634b}",
            "name": "play_circle",
            "type": "RGB"
        },
        {
            "id": "{d19ee8e1-c206-40ef-af00-4438dfcff181}",
            "name": "vertical_line_dark",
            "type": "RGB"
        },
        {
            "id": "{616a71b9-2836-4eec-a8b9-ee17180ce6d3}",
            "name": "wifi_add_dark",
            "type": "RGB"
        },
        {
            "id": "{03c8f956-1cf9-49e9-b11a-0d340ade10ee}",
            "name": "fnc_example_dark",
            "type": "RGB"
        },
        {
            "id": "{b3265a30-f19e-462e-b12b-54cf355bf7be}",
            "name": "fnc_example",
            "type": "RGB"
        },
        {
            "id": "{f915a608-f0f7-473f-b049-a39202f3ba3e}",
            "name": "check_small_dark",
            "type": "RGB"
        },
        {
            "id": "{c47f77ea-c800-46c9-93a2-f58a0064d5cb}",
            "name": "brg_btn_dark",
            "type": "RGB"
        },
        {
            "id": "{043c2e04-ab1a-41e9-b955-3943ab9bcf13}",
            "name": "all_reg_dark",
            "type": "RGB"
        },
        {
            "id": "{892880c3-f7d3-448d-969b-a47d94d215a8}",
            "name": "reg_1_dark",
            "type": "RGB"
        },
        {
            "id": "{d640c0c0-3e6f-40e0-bba7-e930c0cb73bf}",
            "name": "reg_2_dark",
            "type": "RGB"
        },
        {
            "id": "{66c0220d-2bdf-4e43-b6eb-ce1bfa61bb25}",
            "name": "reg_3_dark",
            "type": "RGB"
        },
        {
            "id": "{aa4adc4a-2517-42eb-a546-79b20391d447}",
            "name": "reg_4_dark",
            "type": "RGB"
        },
        {
            "id": "{35fffbbc-9b1d-4294-b6c9-a1e16dfcb274}",
            "name": "settings_dark",
            "type": "RGB"
        },
        {
            "id": "{eb258b52-c88b-44bd-a197-44b9d92410e9}",
            "name": "water_drop_dark",
            "type": "RGB"
        },
        {
            "id": "{f7b2b7f1-7952-4490-8a1a-91260cee7565}",
            "name": "chevron_left11x16_dark",
            "type": "RGB"
        },
        {
            "id": "{749cd4d0-ff60-45e4-b740-481e8ed17b54}",
            "name": "chevron_left15x24_dark",
            "type": "RGB"
        },
        {
            "id": "{e8f33e7d-08b9-42de-a8c6-f11e59dc681c}",
            "name": "chevron_right11x16_dark",
            "type": "RGB"
        },
        {
            "id": "{955846b0-c9b0-416e-aa4f-d92d7a3346c5}",
            "name": "chevron_right15x24_dark",
            "type": "RGB"
        },
        {
            "id": "{465c19e5-e840-43ae-8280-72c3c85e6576}",
            "name": "bubble_chart_40x40_dark",
            "type": "RGB"
        },
        {
            "id": "{6e1a0d4d-b902-418e-b90c-27df2bacafe1}",
            "name": "pause_circle_dark",
            "type": "RGB"
        },
        {
            "id": "{f3ffb1c5-6a8f-4b6a-91e5-5cf41649edde}",
            "name": "play_circle_dark",
            "type": "RGB"
        },
        {
            "id": "{38fa3f5b-1bc6-43aa-b56d-148a68b9939b}",
            "name": "skip_next_dark",
            "type": "RGB"
        },
        {
            "id": "{f080b203-419b-49b7-9644-6935d4c46570}",
            "name": "skip_previous_dark",
            "type": "RGB"
        },
        {
            "id": "{6e0058e8-fa41-422f-9ea7-9ada3ed1297c}",
            "name": "volume_16x16_dark",
            "type": "RGB"
        },
        {
            "id": "{56bfd976-5873-4839-899d-bad9f0feeb47}",
            "name": "reply_dark",
            "type": "RGB"
        },
        {
            "id": "{c9b048a5-f799-4f44-a67b-c4dfed9840a7}",
            "name": "lee_iphone",
            "type": "RGB"
        },
        {
            "id": "{9fb66728-4a18-4f44-b447-1434b4df1192}",
            "name": "lee_iphone_dark",
            "type": "RGB"
        },
        {
            "id": "{ffa646d6-5541-4652-8191-b6e7e276c15c}",
            "name": "wifi_scan_dark",
            "type": "RGB"
        },
        {
            "id": "{e9e5f7d5-0c8a-45af-803f-447df35be76f}",
            "name": "phone_iphone_dark",
            "type": "RGB"
        },
        {
            "id": "{9dd70fb4-a9c4-4873-86e4-6a4de1a307be}",
            "name": "pause_circle_48x48_dark",
            "type": "RGB"
        },
        {
            "id": "{21855dd2-d354-46aa-ae1c-e6f14801519a}",
            "name": "play_circle_48x48_dark",
            "type": "RGB"
        },
        {
            "id": "{e927ed4e-f069-458f-901c-81e8f44c26ea}",
            "name": "skip_next_48x48_dark",
            "type": "RGB"
        },
        {
            "id": "{105f6cab-c0b9-4409-a319-a34625d32244}",
            "name": "skip_previous_48x48_dark",
            "type": "RGB"
        }
    ],
    "paths": [
    ]
}
