{
    "bindings": [
        {
            "font": "{1de3641f-b0ea-46c3-8f21-251fde024493}",
            "language": "{fdfeb669-a0d0-4df3-b88d-c567a357db09}",
            "string": "{25c424d6-c4d5-42a6-a45c-9a80c697bd3a}"
        },
        {
            "font": "{1de3641f-b0ea-46c3-8f21-251fde024493}",
            "language": "{fdfeb669-a0d0-4df3-b88d-c567a357db09}",
            "string": "{29bb2d81-c481-413f-b5c7-04442f488252}"
        },
        {
            "font": "{1de3641f-b0ea-46c3-8f21-251fde024493}",
            "language": "{fdfeb669-a0d0-4df3-b88d-c567a357db09}",
            "string": "{2dbe023b-05cd-48b5-b43a-0ccc6ffb7227}"
        },
        {
            "font": "{1de3641f-b0ea-46c3-8f21-251fde024493}",
            "language": "{fdfeb669-a0d0-4df3-b88d-c567a357db09}",
            "string": "{330e2750-b432-4122-bc54-3cd8c365dd00}"
        },
        {
            "font": "{1de3641f-b0ea-46c3-8f21-251fde024493}",
            "language": "{fdfeb669-a0d0-4df3-b88d-c567a357db09}",
            "string": "{7636c1c5-3291-43fa-875d-3a16c3d88980}"
        },
        {
            "font": "{1de3641f-b0ea-46c3-8f21-251fde024493}",
            "language": "{fdfeb669-a0d0-4df3-b88d-c567a357db09}",
            "string": "{87463534-1e82-43bd-aa51-1c1ee0cbe55b}"
        },
        {
            "font": "{1de3641f-b0ea-46c3-8f21-251fde024493}",
            "language": "{fdfeb669-a0d0-4df3-b88d-c567a357db09}",
            "string": "{a46d319c-b56f-44be-b146-7f1a68f2bc1b}"
        },
        {
            "font": "{1de3641f-b0ea-46c3-8f21-251fde024493}",
            "language": "{fdfeb669-a0d0-4df3-b88d-c567a357db09}",
            "string": "{dfc8f442-90e5-4adc-9a26-532d14e9b839}"
        },
        {
            "font": "{3d5bcb08-0fa4-485d-9af2-f5161637eb3c}",
            "language": "{fdfeb669-a0d0-4df3-b88d-c567a357db09}",
            "string": "{8248438d-9cba-49ed-8b73-de41c4e57329}"
        },
        {
            "font": "{61b463c4-271d-4ea6-82df-705cc5f7c616}",
            "language": "{fdfeb669-a0d0-4df3-b88d-c567a357db09}",
            "string": "{0099f1ec-0a3e-4d02-b599-3eadffe3694d}"
        },
        {
            "font": "{61b463c4-271d-4ea6-82df-705cc5f7c616}",
            "language": "{fdfeb669-a0d0-4df3-b88d-c567a357db09}",
            "string": "{2d198233-99ab-47ae-ac71-fcd14d5d86e9}"
        },
        {
            "font": "{61b463c4-271d-4ea6-82df-705cc5f7c616}",
            "language": "{fdfeb669-a0d0-4df3-b88d-c567a357db09}",
            "string": "{6015395e-2ee3-422b-b29f-ae1ee966c1c4}"
        },
        {
            "font": "{61b463c4-271d-4ea6-82df-705cc5f7c616}",
            "language": "{fdfeb669-a0d0-4df3-b88d-c567a357db09}",
            "string": "{8576d27b-a410-4b46-8f4a-68e98608e323}"
        },
        {
            "font": "{61b463c4-271d-4ea6-82df-705cc5f7c616}",
            "language": "{fdfeb669-a0d0-4df3-b88d-c567a357db09}",
            "string": "{867e8c65-2cce-4a17-884f-26fb0d6cc0cf}"
        },
        {
            "font": "{61b463c4-271d-4ea6-82df-705cc5f7c616}",
            "language": "{fdfeb669-a0d0-4df3-b88d-c567a357db09}",
            "string": "{92618339-0e80-4d65-8689-d98275c24b35}"
        },
        {
            "font": "{61b463c4-271d-4ea6-82df-705cc5f7c616}",
            "language": "{fdfeb669-a0d0-4df3-b88d-c567a357db09}",
            "string": "{99e28a31-50f8-4509-9de1-409d2e6f59a0}"
        },
        {
            "font": "{61b463c4-271d-4ea6-82df-705cc5f7c616}",
            "language": "{fdfeb669-a0d0-4df3-b88d-c567a357db09}",
            "string": "{b8dd8f38-0291-47f5-b053-bd0f4df0e908}"
        },
        {
            "font": "{61b463c4-271d-4ea6-82df-705cc5f7c616}",
            "language": "{fdfeb669-a0d0-4df3-b88d-c567a357db09}",
            "string": "{c53bb130-920c-4705-b0e1-8cc73c1f39a8}"
        },
        {
            "font": "{61b463c4-271d-4ea6-82df-705cc5f7c616}",
            "language": "{fdfeb669-a0d0-4df3-b88d-c567a357db09}",
            "string": "{d540c8b0-248a-4167-bd29-85e92609e6b8}"
        },
        {
            "font": "{6de94bf7-2c5c-473b-9c3f-4ea772600c7a}",
            "language": "{fdfeb669-a0d0-4df3-b88d-c567a357db09}",
            "string": "{02fb3f0f-c4cb-4f05-a751-dddf34f18246}"
        },
        {
            "font": "{6de94bf7-2c5c-473b-9c3f-4ea772600c7a}",
            "language": "{fdfeb669-a0d0-4df3-b88d-c567a357db09}",
            "string": "{07a27379-0c18-444e-81eb-38e5a2263f3d}"
        },
        {
            "font": "{6de94bf7-2c5c-473b-9c3f-4ea772600c7a}",
            "language": "{fdfeb669-a0d0-4df3-b88d-c567a357db09}",
            "string": "{35496f83-d3c7-4988-afd4-55b8f93a4f74}"
        },
        {
            "font": "{6de94bf7-2c5c-473b-9c3f-4ea772600c7a}",
            "language": "{fdfeb669-a0d0-4df3-b88d-c567a357db09}",
            "string": "{377bdee5-71a6-451c-afbb-e9088c0feff3}"
        },
        {
            "font": "{6de94bf7-2c5c-473b-9c3f-4ea772600c7a}",
            "language": "{fdfeb669-a0d0-4df3-b88d-c567a357db09}",
            "string": "{4fba7188-6775-4056-b399-e8d00512c79a}"
        },
        {
            "font": "{6de94bf7-2c5c-473b-9c3f-4ea772600c7a}",
            "language": "{fdfeb669-a0d0-4df3-b88d-c567a357db09}",
            "string": "{4fba8849-4911-45b9-aec8-ca40b7daddd6}"
        },
        {
            "font": "{6de94bf7-2c5c-473b-9c3f-4ea772600c7a}",
            "language": "{fdfeb669-a0d0-4df3-b88d-c567a357db09}",
            "string": "{52b265c6-2b35-477d-8623-c6630d938e55}"
        },
        {
            "font": "{6de94bf7-2c5c-473b-9c3f-4ea772600c7a}",
            "language": "{fdfeb669-a0d0-4df3-b88d-c567a357db09}",
            "string": "{77590e4b-0d99-4657-a574-278110660032}"
        },
        {
            "font": "{6de94bf7-2c5c-473b-9c3f-4ea772600c7a}",
            "language": "{fdfeb669-a0d0-4df3-b88d-c567a357db09}",
            "string": "{87eafd42-2e36-4ca5-8e70-1ce445a01429}"
        },
        {
            "font": "{6de94bf7-2c5c-473b-9c3f-4ea772600c7a}",
            "language": "{fdfeb669-a0d0-4df3-b88d-c567a357db09}",
            "string": "{b5e55d5a-5c82-4d8d-b6d3-da82e24d33ba}"
        },
        {
            "font": "{6de94bf7-2c5c-473b-9c3f-4ea772600c7a}",
            "language": "{fdfeb669-a0d0-4df3-b88d-c567a357db09}",
            "string": "{b9ad57f3-8d3d-4f2b-9086-d9ee8bda392a}"
        },
        {
            "font": "{6de94bf7-2c5c-473b-9c3f-4ea772600c7a}",
            "language": "{fdfeb669-a0d0-4df3-b88d-c567a357db09}",
            "string": "{b9c877bf-2fdf-478d-b3e0-ec870f08e513}"
        },
        {
            "font": "{6de94bf7-2c5c-473b-9c3f-4ea772600c7a}",
            "language": "{fdfeb669-a0d0-4df3-b88d-c567a357db09}",
            "string": "{f16ab17e-6be5-4116-bec7-faa521591c9d}"
        },
        {
            "font": "{72342cd7-2038-4b93-b15b-a7eea1e7a285}",
            "language": "{fdfeb669-a0d0-4df3-b88d-c567a357db09}",
            "string": "{37306afa-757c-4a70-b952-2bff12b0ddc2}"
        },
        {
            "font": "{950e515a-0d4e-422f-a1c6-b52d0abe21f0}",
            "language": "{fdfeb669-a0d0-4df3-b88d-c567a357db09}",
            "string": "{4806d1e8-eb9c-4de2-8417-ab572b358211}"
        },
        {
            "font": "{950e515a-0d4e-422f-a1c6-b52d0abe21f0}",
            "language": "{fdfeb669-a0d0-4df3-b88d-c567a357db09}",
            "string": "{501698d4-6181-4427-b9a4-1127c05fa639}"
        },
        {
            "font": "{db5c6089-0d24-46c1-9495-4be7e25a6403}",
            "language": "{fdfeb669-a0d0-4df3-b88d-c567a357db09}",
            "string": "{1e8d0137-7bea-4434-8dec-9cb959a93a1f}"
        },
        {
            "font": "{db5c6089-0d24-46c1-9495-4be7e25a6403}",
            "language": "{fdfeb669-a0d0-4df3-b88d-c567a357db09}",
            "string": "{2ee5d440-5f51-4845-a2c6-b78879584636}"
        },
        {
            "font": "{103be1a6-d5fd-4fdc-bf2d-d01aee8df06f}",
            "language": "{fdfeb669-a0d0-4df3-b88d-c567a357db09}",
            "string": "{31d95510-fede-425c-972e-57b957a7a2d5}"
        },
        {
            "font": "{72342cd7-2038-4b93-b15b-a7eea1e7a285}",
            "language": "{fdfeb669-a0d0-4df3-b88d-c567a357db09}",
            "string": "{9b97c630-bebe-4b85-90f3-0f0ade2910a5}"
        },
        {
            "font": "{72342cd7-2038-4b93-b15b-a7eea1e7a285}",
            "language": "{fdfeb669-a0d0-4df3-b88d-c567a357db09}",
            "string": "{b76ac1ee-f6c9-44fa-a38a-a84cd654f260}"
        },
        {
            "font": "{72342cd7-2038-4b93-b15b-a7eea1e7a285}",
            "language": "{fdfeb669-a0d0-4df3-b88d-c567a357db09}",
            "string": "{b9a30b72-4bbf-4ae0-b79e-ca14984b9545}"
        },
        {
            "font": "{950e515a-0d4e-422f-a1c6-b52d0abe21f0}",
            "language": "{fdfeb669-a0d0-4df3-b88d-c567a357db09}",
            "string": "{b123f4a5-5adb-455d-8807-a585aad05169}"
        },
        {
            "font": "{950e515a-0d4e-422f-a1c6-b52d0abe21f0}",
            "language": "{fdfeb669-a0d0-4df3-b88d-c567a357db09}",
            "string": "{f36640d8-edb1-4afa-b239-717aa0edb01b}"
        },
        {
            "font": "{950e515a-0d4e-422f-a1c6-b52d0abe21f0}",
            "language": "{fdfeb669-a0d0-4df3-b88d-c567a357db09}",
            "string": "{f5cfd5e0-ef4a-43da-a0d3-e1887b76a4c9}"
        },
        {
            "font": "{b9953166-839d-467e-978b-12257e07a062}",
            "language": "{fdfeb669-a0d0-4df3-b88d-c567a357db09}",
            "string": "{b2bff324-9f3a-49b2-a9a2-704cd312e6fb}"
        },
        {
            "font": "{db5c6089-0d24-46c1-9495-4be7e25a6403}",
            "language": "{fdfeb669-a0d0-4df3-b88d-c567a357db09}",
            "string": "{379f68e7-c4be-4ddf-941b-cc342cb3ac0a}"
        },
        {
            "font": "{db5c6089-0d24-46c1-9495-4be7e25a6403}",
            "language": "{fdfeb669-a0d0-4df3-b88d-c567a357db09}",
            "string": "{65b3e2c5-5dd3-4312-8350-64696011a41b}"
        },
        {
            "font": "{db5c6089-0d24-46c1-9495-4be7e25a6403}",
            "language": "{fdfeb669-a0d0-4df3-b88d-c567a357db09}",
            "string": "{8ff988e1-84fc-439a-ad34-4926d3f75e9b}"
        },
        {
            "font": "{db5c6089-0d24-46c1-9495-4be7e25a6403}",
            "language": "{fdfeb669-a0d0-4df3-b88d-c567a357db09}",
            "string": "{e395d291-fd48-402e-a252-ec056a3ce839}"
        },
        {
            "font": "{db5c6089-0d24-46c1-9495-4be7e25a6403}",
            "language": "{fdfeb669-a0d0-4df3-b88d-c567a357db09}",
            "string": "{f0bf883e-ed18-47d7-bbf8-2b3c92fbaec0}"
        },
        {
            "font": "{db5c6089-0d24-46c1-9495-4be7e25a6403}",
            "language": "{fdfeb669-a0d0-4df3-b88d-c567a357db09}",
            "string": "{fa5d9965-044f-43c4-83c6-9ae9cfdcb6d6}"
        },
        {
            "font": "{df288ec5-2a0b-4563-8b36-af27c86d94e9}",
            "language": "{fdfeb669-a0d0-4df3-b88d-c567a357db09}",
            "string": "{79765eda-68a9-45ff-b2e0-f5cf43bb1f20}"
        }
    ],
    "defaultLanguage": "{fdfeb669-a0d0-4df3-b88d-c567a357db09}",
    "encoding": "ASCII",
    "languages": [
        {
            "properties": {
                "__categories": [
                ],
                "__groups": [
                ],
                "enabled": {
                    "enabled": true,
                    "type": "boolean",
                    "value": true,
                    "visible": true
                },
                "id": {
                    "enabled": true,
                    "type": "uuid",
                    "value": "{fdfeb669-a0d0-4df3-b88d-c567a357db09}",
                    "visible": true
                },
                "name": {
                    "enabled": true,
                    "type": "text",
                    "value": "Default",
                    "visible": true
                }
            }
        }
    ],
    "paths": [
    ],
    "strings": [
        {
            "properties": {
                "__categories": [
                ],
                "__groups": [
                ],
                "description": {
                    "enabled": true,
                    "type": "text",
                    "value": "",
                    "visible": true
                },
                "id": {
                    "enabled": true,
                    "type": "uuid",
                    "value": "{0099f1ec-0a3e-4d02-b599-3eadffe3694d}",
                    "visible": true
                },
                "name": {
                    "enabled": true,
                    "type": "text",
                    "value": "AutoCleanCycle",
                    "visible": true
                },
                "path": {
                    "enabled": true,
                    "type": "text",
                    "value": "/",
                    "visible": true
                }
            },
            "values": [
                {
                    "language": "{fdfeb669-a0d0-4df3-b88d-c567a357db09}",
                    "value": "Auto Clean Cycle"
                }
            ]
        },
        {
            "properties": {
                "__categories": [
                ],
                "__groups": [
                ],
                "description": {
                    "enabled": true,
                    "type": "text",
                    "value": "",
                    "visible": true
                },
                "id": {
                    "enabled": true,
                    "type": "uuid",
                    "value": "{02fb3f0f-c4cb-4f05-a751-dddf34f18246}",
                    "visible": true
                },
                "name": {
                    "enabled": true,
                    "type": "text",
                    "value": "ActEcoMode",
                    "visible": true
                },
                "path": {
                    "enabled": true,
                    "type": "text",
                    "value": "/",
                    "visible": true
                }
            },
            "values": [
                {
                    "language": "{fdfeb669-a0d0-4df3-b88d-c567a357db09}",
                    "value": "Activate"
                }
            ]
        },
        {
            "properties": {
                "__categories": [
                ],
                "__groups": [
                ],
                "description": {
                    "enabled": true,
                    "type": "text",
                    "value": "",
                    "visible": true
                },
                "id": {
                    "enabled": true,
                    "type": "uuid",
                    "value": "{07a27379-0c18-444e-81eb-38e5a2263f3d}",
                    "visible": true
                },
                "name": {
                    "enabled": true,
                    "type": "text",
                    "value": "BTDev2",
                    "visible": true
                },
                "path": {
                    "enabled": true,
                    "type": "text",
                    "value": "/",
                    "visible": true
                }
            },
            "values": [
                {
                    "language": "{fdfeb669-a0d0-4df3-b88d-c567a357db09}",
                    "value": "Amber's iPhone"
                }
            ]
        },
        {
            "properties": {
                "__categories": [
                ],
                "__groups": [
                ],
                "description": {
                    "enabled": true,
                    "type": "text",
                    "value": "",
                    "visible": true
                },
                "id": {
                    "enabled": true,
                    "type": "uuid",
                    "value": "{1e8d0137-7bea-4434-8dec-9cb959a93a1f}",
                    "visible": true
                },
                "name": {
                    "enabled": true,
                    "type": "text",
                    "value": "WaterChange",
                    "visible": true
                },
                "path": {
                    "enabled": true,
                    "type": "text",
                    "value": "/",
                    "visible": true
                }
            },
            "values": [
                {
                    "language": "{fdfeb669-a0d0-4df3-b88d-c567a357db09}",
                    "value": "Water Change"
                }
            ]
        },
        {
            "properties": {
                "__categories": [
                ],
                "__groups": [
                ],
                "description": {
                    "enabled": true,
                    "type": "text",
                    "value": "",
                    "visible": true
                },
                "id": {
                    "enabled": true,
                    "type": "uuid",
                    "value": "{25c424d6-c4d5-42a6-a45c-9a80c697bd3a}",
                    "visible": true
                },
                "name": {
                    "enabled": true,
                    "type": "text",
                    "value": "Region4",
                    "visible": true
                },
                "path": {
                    "enabled": true,
                    "type": "text",
                    "value": "/",
                    "visible": true
                }
            },
            "values": [
                {
                    "language": "{fdfeb669-a0d0-4df3-b88d-c567a357db09}",
                    "value": "Region 4"
                }
            ]
        },
        {
            "properties": {
                "__categories": [
                ],
                "__groups": [
                ],
                "description": {
                    "enabled": true,
                    "type": "text",
                    "value": "",
                    "visible": true
                },
                "id": {
                    "enabled": true,
                    "type": "uuid",
                    "value": "{29bb2d81-c481-413f-b5c7-04442f488252}",
                    "visible": true
                },
                "name": {
                    "enabled": true,
                    "type": "text",
                    "value": "Region1",
                    "visible": true
                },
                "path": {
                    "enabled": true,
                    "type": "text",
                    "value": "/",
                    "visible": true
                }
            },
            "values": [
                {
                    "language": "{fdfeb669-a0d0-4df3-b88d-c567a357db09}",
                    "value": "Region 1"
                }
            ]
        },
        {
            "properties": {
                "__categories": [
                ],
                "__groups": [
                ],
                "description": {
                    "enabled": true,
                    "type": "text",
                    "value": "",
                    "visible": true
                },
                "id": {
                    "enabled": true,
                    "type": "uuid",
                    "value": "{2d198233-99ab-47ae-ac71-fcd14d5d86e9}",
                    "visible": true
                },
                "name": {
                    "enabled": true,
                    "type": "text",
                    "value": "BluetoothDevLbl",
                    "visible": true
                },
                "path": {
                    "enabled": true,
                    "type": "text",
                    "value": "/",
                    "visible": true
                }
            },
            "values": [
                {
                    "language": "{fdfeb669-a0d0-4df3-b88d-c567a357db09}",
                    "value": "Bluetooth Devices"
                }
            ]
        },
        {
            "properties": {
                "__categories": [
                ],
                "__groups": [
                ],
                "description": {
                    "enabled": true,
                    "type": "text",
                    "value": "",
                    "visible": true
                },
                "id": {
                    "enabled": true,
                    "type": "uuid",
                    "value": "{2dbe023b-05cd-48b5-b43a-0ccc6ffb7227}",
                    "visible": true
                },
                "name": {
                    "enabled": true,
                    "type": "text",
                    "value": "MusicPlayerLbl",
                    "visible": true
                },
                "path": {
                    "enabled": true,
                    "type": "text",
                    "value": "/",
                    "visible": true
                }
            },
            "values": [
                {
                    "language": "{fdfeb669-a0d0-4df3-b88d-c567a357db09}",
                    "value": "Music Player"
                }
            ]
        },
        {
            "properties": {
                "__categories": [
                ],
                "__groups": [
                ],
                "description": {
                    "enabled": true,
                    "type": "text",
                    "value": "Select a region in order to customize it",
                    "visible": true
                },
                "id": {
                    "enabled": true,
                    "type": "uuid",
                    "value": "{2ee5d440-5f51-4845-a2c6-b78879584636}",
                    "visible": true
                },
                "name": {
                    "enabled": true,
                    "type": "text",
                    "value": "SelectRegion",
                    "visible": true
                },
                "path": {
                    "enabled": true,
                    "type": "text",
                    "value": "/",
                    "visible": true
                }
            },
            "values": [
                {
                    "language": "{fdfeb669-a0d0-4df3-b88d-c567a357db09}",
                    "value": "Select a region to customize"
                }
            ]
        },
        {
            "properties": {
                "__categories": [
                ],
                "__groups": [
                ],
                "description": {
                    "enabled": true,
                    "type": "text",
                    "value": "",
                    "visible": true
                },
                "id": {
                    "enabled": true,
                    "type": "uuid",
                    "value": "{31d95510-fede-425c-972e-57b957a7a2d5}",
                    "visible": true
                },
                "name": {
                    "enabled": true,
                    "type": "text",
                    "value": "BackLbl",
                    "visible": true
                },
                "path": {
                    "enabled": true,
                    "type": "text",
                    "value": "/",
                    "visible": true
                }
            },
            "values": [
                {
                    "language": "{fdfeb669-a0d0-4df3-b88d-c567a357db09}",
                    "value": "Back"
                }
            ]
        },
        {
            "properties": {
                "__categories": [
                ],
                "__groups": [
                ],
                "description": {
                    "enabled": true,
                    "type": "text",
                    "value": "",
                    "visible": true
                },
                "id": {
                    "enabled": true,
                    "type": "uuid",
                    "value": "{330e2750-b432-4122-bc54-3cd8c365dd00}",
                    "visible": true
                },
                "name": {
                    "enabled": true,
                    "type": "text",
                    "value": "Region3",
                    "visible": true
                },
                "path": {
                    "enabled": true,
                    "type": "text",
                    "value": "/",
                    "visible": true
                }
            },
            "values": [
                {
                    "language": "{fdfeb669-a0d0-4df3-b88d-c567a357db09}",
                    "value": "Region 3"
                }
            ]
        },
        {
            "properties": {
                "__categories": [
                ],
                "__groups": [
                ],
                "description": {
                    "enabled": true,
                    "type": "text",
                    "value": "",
                    "visible": true
                },
                "id": {
                    "enabled": true,
                    "type": "uuid",
                    "value": "{35496f83-d3c7-4988-afd4-55b8f93a4f74}",
                    "visible": true
                },
                "name": {
                    "enabled": true,
                    "type": "text",
                    "value": "ResetLabel",
                    "visible": true
                },
                "path": {
                    "enabled": true,
                    "type": "text",
                    "value": "/",
                    "visible": true
                }
            },
            "values": [
                {
                    "language": "{fdfeb669-a0d0-4df3-b88d-c567a357db09}",
                    "value": "Reset"
                }
            ]
        },
        {
            "properties": {
                "__categories": [
                ],
                "__groups": [
                ],
                "description": {
                    "enabled": true,
                    "type": "text",
                    "value": "",
                    "visible": true
                },
                "id": {
                    "enabled": true,
                    "type": "uuid",
                    "value": "{37306afa-757c-4a70-b952-2bff12b0ddc2}",
                    "visible": true
                },
                "name": {
                    "enabled": true,
                    "type": "text",
                    "value": "On",
                    "visible": true
                },
                "path": {
                    "enabled": true,
                    "type": "text",
                    "value": "/",
                    "visible": true
                }
            },
            "values": [
                {
                    "language": "{fdfeb669-a0d0-4df3-b88d-c567a357db09}",
                    "value": "On"
                }
            ]
        },
        {
            "properties": {
                "__categories": [
                ],
                "__groups": [
                ],
                "description": {
                    "enabled": true,
                    "type": "text",
                    "value": "",
                    "visible": true
                },
                "id": {
                    "enabled": true,
                    "type": "uuid",
                    "value": "{377bdee5-71a6-451c-afbb-e9088c0feff3}",
                    "visible": true
                },
                "name": {
                    "enabled": true,
                    "type": "text",
                    "value": "BTDev1",
                    "visible": true
                },
                "path": {
                    "enabled": true,
                    "type": "text",
                    "value": "/",
                    "visible": true
                }
            },
            "values": [
                {
                    "language": "{fdfeb669-a0d0-4df3-b88d-c567a357db09}",
                    "value": "Karley's iPhone"
                }
            ]
        },
        {
            "properties": {
                "__categories": [
                ],
                "__groups": [
                ],
                "description": {
                    "enabled": true,
                    "type": "text",
                    "value": "",
                    "visible": true
                },
                "id": {
                    "enabled": true,
                    "type": "uuid",
                    "value": "{379f68e7-c4be-4ddf-941b-cc342cb3ac0a}",
                    "visible": true
                },
                "name": {
                    "enabled": true,
                    "type": "text",
                    "value": "Alkalinity",
                    "visible": true
                },
                "path": {
                    "enabled": true,
                    "type": "text",
                    "value": "/",
                    "visible": true
                }
            },
            "values": [
                {
                    "language": "{fdfeb669-a0d0-4df3-b88d-c567a357db09}",
                    "value": "Alkalinity"
                }
            ]
        },
        {
            "properties": {
                "__categories": [
                ],
                "__groups": [
                ],
                "description": {
                    "enabled": true,
                    "type": "text",
                    "value": "",
                    "visible": true
                },
                "id": {
                    "enabled": true,
                    "type": "uuid",
                    "value": "{4806d1e8-eb9c-4de2-8417-ab572b358211}",
                    "visible": true
                },
                "name": {
                    "enabled": true,
                    "type": "text",
                    "value": "pHDemoVal",
                    "visible": true
                },
                "path": {
                    "enabled": true,
                    "type": "text",
                    "value": "/",
                    "visible": true
                }
            },
            "values": [
                {
                    "language": "{fdfeb669-a0d0-4df3-b88d-c567a357db09}",
                    "value": "7.4"
                }
            ]
        },
        {
            "properties": {
                "__categories": [
                ],
                "__groups": [
                ],
                "description": {
                    "enabled": true,
                    "type": "text",
                    "value": "",
                    "visible": true
                },
                "id": {
                    "enabled": true,
                    "type": "uuid",
                    "value": "{4fba7188-6775-4056-b399-e8d00512c79a}",
                    "visible": true
                },
                "name": {
                    "enabled": true,
                    "type": "text",
                    "value": "ArtistName",
                    "visible": true
                },
                "path": {
                    "enabled": true,
                    "type": "text",
                    "value": "/",
                    "visible": true
                }
            },
            "values": [
                {
                    "language": "{fdfeb669-a0d0-4df3-b88d-c567a357db09}",
                    "value": "Artist Name"
                }
            ]
        },
        {
            "properties": {
                "__categories": [
                ],
                "__groups": [
                ],
                "description": {
                    "enabled": true,
                    "type": "text",
                    "value": "",
                    "visible": true
                },
                "id": {
                    "enabled": true,
                    "type": "uuid",
                    "value": "{4fba8849-4911-45b9-aec8-ca40b7daddd6}",
                    "visible": true
                },
                "name": {
                    "enabled": true,
                    "type": "text",
                    "value": "BTDev3",
                    "visible": true
                },
                "path": {
                    "enabled": true,
                    "type": "text",
                    "value": "/",
                    "visible": true
                }
            },
            "values": [
                {
                    "language": "{fdfeb669-a0d0-4df3-b88d-c567a357db09}",
                    "value": "Trevor's iPhone"
                }
            ]
        },
        {
            "properties": {
                "__categories": [
                ],
                "__groups": [
                ],
                "description": {
                    "enabled": true,
                    "type": "text",
                    "value": "",
                    "visible": true
                },
                "id": {
                    "enabled": true,
                    "type": "uuid",
                    "value": "{501698d4-6181-4427-b9a4-1127c05fa639}",
                    "visible": true
                },
                "name": {
                    "enabled": true,
                    "type": "text",
                    "value": "AlkalinityDemoVal",
                    "visible": true
                },
                "path": {
                    "enabled": true,
                    "type": "text",
                    "value": "/",
                    "visible": true
                }
            },
            "values": [
                {
                    "language": "{fdfeb669-a0d0-4df3-b88d-c567a357db09}",
                    "value": "120 ppm"
                }
            ]
        },
        {
            "properties": {
                "__categories": [
                ],
                "__groups": [
                ],
                "description": {
                    "enabled": true,
                    "type": "text",
                    "value": "",
                    "visible": true
                },
                "id": {
                    "enabled": true,
                    "type": "uuid",
                    "value": "{52b265c6-2b35-477d-8623-c6630d938e55}",
                    "visible": true
                },
                "name": {
                    "enabled": true,
                    "type": "text",
                    "value": "Celsius",
                    "visible": true
                },
                "path": {
                    "enabled": true,
                    "type": "text",
                    "value": "/",
                    "visible": true
                }
            },
            "values": [
                {
                    "language": "{fdfeb669-a0d0-4df3-b88d-c567a357db09}",
                    "value": "Celsius"
                }
            ]
        },
        {
            "properties": {
                "__categories": [
                ],
                "__groups": [
                ],
                "description": {
                    "enabled": true,
                    "type": "text",
                    "value": "",
                    "visible": true
                },
                "id": {
                    "enabled": true,
                    "type": "uuid",
                    "value": "{6015395e-2ee3-422b-b29f-ae1ee966c1c4}",
                    "visible": true
                },
                "name": {
                    "enabled": true,
                    "type": "text",
                    "value": "EcoMode",
                    "visible": true
                },
                "path": {
                    "enabled": true,
                    "type": "text",
                    "value": "/",
                    "visible": true
                }
            },
            "values": [
                {
                    "language": "{fdfeb669-a0d0-4df3-b88d-c567a357db09}",
                    "value": "Eco Mode"
                }
            ]
        },
        {
            "properties": {
                "__categories": [
                ],
                "__groups": [
                ],
                "description": {
                    "enabled": true,
                    "type": "text",
                    "value": "",
                    "visible": true
                },
                "id": {
                    "enabled": true,
                    "type": "uuid",
                    "value": "{65b3e2c5-5dd3-4312-8350-64696011a41b}",
                    "visible": true
                },
                "name": {
                    "enabled": true,
                    "type": "text",
                    "value": "FilterClean",
                    "visible": true
                },
                "path": {
                    "enabled": true,
                    "type": "text",
                    "value": "/",
                    "visible": true
                }
            },
            "values": [
                {
                    "language": "{fdfeb669-a0d0-4df3-b88d-c567a357db09}",
                    "value": "Filter Clean"
                }
            ]
        },
        {
            "properties": {
                "__categories": [
                ],
                "__groups": [
                ],
                "description": {
                    "enabled": true,
                    "type": "text",
                    "value": "",
                    "visible": true
                },
                "id": {
                    "enabled": true,
                    "type": "uuid",
                    "value": "{7636c1c5-3291-43fa-875d-3a16c3d88980}",
                    "visible": true
                },
                "name": {
                    "enabled": true,
                    "type": "text",
                    "value": "Region2",
                    "visible": true
                },
                "path": {
                    "enabled": true,
                    "type": "text",
                    "value": "/",
                    "visible": true
                }
            },
            "values": [
                {
                    "language": "{fdfeb669-a0d0-4df3-b88d-c567a357db09}",
                    "value": "Region 2"
                }
            ]
        },
        {
            "properties": {
                "__categories": [
                ],
                "__groups": [
                ],
                "description": {
                    "enabled": true,
                    "type": "text",
                    "value": "",
                    "visible": true
                },
                "id": {
                    "enabled": true,
                    "type": "uuid",
                    "value": "{77590e4b-0d99-4657-a574-278110660032}",
                    "visible": true
                },
                "name": {
                    "enabled": true,
                    "type": "text",
                    "value": "ScanDevBT",
                    "visible": true
                },
                "path": {
                    "enabled": true,
                    "type": "text",
                    "value": "/",
                    "visible": true
                }
            },
            "values": [
                {
                    "language": "{fdfeb669-a0d0-4df3-b88d-c567a357db09}",
                    "value": "Scan for other devices"
                }
            ]
        },
        {
            "properties": {
                "__categories": [
                ],
                "__groups": [
                ],
                "description": {
                    "enabled": true,
                    "type": "text",
                    "value": "",
                    "visible": true
                },
                "id": {
                    "enabled": true,
                    "type": "uuid",
                    "value": "{79765eda-68a9-45ff-b2e0-f5cf43bb1f20}",
                    "visible": true
                },
                "name": {
                    "enabled": true,
                    "type": "text",
                    "value": "DegreesValue",
                    "visible": true
                },
                "path": {
                    "enabled": true,
                    "type": "text",
                    "value": "/",
                    "visible": true
                }
            },
            "values": [
                {
                    "language": "{fdfeb669-a0d0-4df3-b88d-c567a357db09}",
                    "value": "10°"
                }
            ]
        },
        {
            "properties": {
                "__categories": [
                ],
                "__groups": [
                ],
                "description": {
                    "enabled": true,
                    "type": "text",
                    "value": "",
                    "visible": true
                },
                "id": {
                    "enabled": true,
                    "type": "uuid",
                    "value": "{8248438d-9cba-49ed-8b73-de41c4e57329}",
                    "visible": true
                },
                "name": {
                    "enabled": true,
                    "type": "text",
                    "value": "BubbleLevel",
                    "visible": true
                },
                "path": {
                    "enabled": true,
                    "type": "text",
                    "value": "/",
                    "visible": true
                }
            },
            "values": [
                {
                    "language": "{fdfeb669-a0d0-4df3-b88d-c567a357db09}",
                    "value": "7"
                }
            ]
        },
        {
            "properties": {
                "__categories": [
                ],
                "__groups": [
                ],
                "description": {
                    "enabled": true,
                    "type": "text",
                    "value": "",
                    "visible": true
                },
                "id": {
                    "enabled": true,
                    "type": "uuid",
                    "value": "{8576d27b-a410-4b46-8f4a-68e98608e323}",
                    "visible": true
                },
                "name": {
                    "enabled": true,
                    "type": "text",
                    "value": "MaintReminder",
                    "visible": true
                },
                "path": {
                    "enabled": true,
                    "type": "text",
                    "value": "/",
                    "visible": true
                }
            },
            "values": [
                {
                    "language": "{fdfeb669-a0d0-4df3-b88d-c567a357db09}",
                    "value": "Maintenance Reminder"
                }
            ]
        },
        {
            "properties": {
                "__categories": [
                ],
                "__groups": [
                ],
                "description": {
                    "enabled": true,
                    "type": "text",
                    "value": "",
                    "visible": true
                },
                "id": {
                    "enabled": true,
                    "type": "uuid",
                    "value": "{867e8c65-2cce-4a17-884f-26fb0d6cc0cf}",
                    "visible": true
                },
                "name": {
                    "enabled": true,
                    "type": "text",
                    "value": "WaterQuality24",
                    "visible": true
                },
                "path": {
                    "enabled": true,
                    "type": "text",
                    "value": "/",
                    "visible": true
                }
            },
            "values": [
                {
                    "language": "{fdfeb669-a0d0-4df3-b88d-c567a357db09}",
                    "value": "Water Quality"
                }
            ]
        },
        {
            "properties": {
                "__categories": [
                ],
                "__groups": [
                ],
                "description": {
                    "enabled": true,
                    "type": "text",
                    "value": "",
                    "visible": true
                },
                "id": {
                    "enabled": true,
                    "type": "uuid",
                    "value": "{87463534-1e82-43bd-aa51-1c1ee0cbe55b}",
                    "visible": true
                },
                "name": {
                    "enabled": true,
                    "type": "text",
                    "value": "WaterQualityLbl",
                    "visible": true
                },
                "path": {
                    "enabled": true,
                    "type": "text",
                    "value": "/",
                    "visible": true
                }
            },
            "values": [
                {
                    "language": "{fdfeb669-a0d0-4df3-b88d-c567a357db09}",
                    "value": "Water Quality"
                }
            ]
        },
        {
            "properties": {
                "__categories": [
                ],
                "__groups": [
                ],
                "description": {
                    "enabled": true,
                    "type": "text",
                    "value": "",
                    "visible": true
                },
                "id": {
                    "enabled": true,
                    "type": "uuid",
                    "value": "{87eafd42-2e36-4ca5-8e70-1ce445a01429}",
                    "visible": true
                },
                "name": {
                    "enabled": true,
                    "type": "text",
                    "value": "Brightness",
                    "visible": true
                },
                "path": {
                    "enabled": true,
                    "type": "text",
                    "value": "/",
                    "visible": true
                }
            },
            "values": [
                {
                    "language": "{fdfeb669-a0d0-4df3-b88d-c567a357db09}",
                    "value": "Brightness"
                }
            ]
        },
        {
            "properties": {
                "__categories": [
                ],
                "__groups": [
                ],
                "description": {
                    "enabled": true,
                    "type": "text",
                    "value": "",
                    "visible": true
                },
                "id": {
                    "enabled": true,
                    "type": "uuid",
                    "value": "{8ff988e1-84fc-439a-ad34-4926d3f75e9b}",
                    "visible": true
                },
                "name": {
                    "enabled": true,
                    "type": "text",
                    "value": "pH",
                    "visible": true
                },
                "path": {
                    "enabled": true,
                    "type": "text",
                    "value": "/",
                    "visible": true
                }
            },
            "values": [
                {
                    "language": "{fdfeb669-a0d0-4df3-b88d-c567a357db09}",
                    "value": "pH"
                }
            ]
        },
        {
            "properties": {
                "__categories": [
                ],
                "__groups": [
                ],
                "description": {
                    "enabled": true,
                    "type": "text",
                    "value": "",
                    "visible": true
                },
                "id": {
                    "enabled": true,
                    "type": "uuid",
                    "value": "{92618339-0e80-4d65-8689-d98275c24b35}",
                    "visible": true
                },
                "name": {
                    "enabled": true,
                    "type": "text",
                    "value": "ChangeTheme",
                    "visible": true
                },
                "path": {
                    "enabled": true,
                    "type": "text",
                    "value": "/",
                    "visible": true
                }
            },
            "values": [
                {
                    "language": "{fdfeb669-a0d0-4df3-b88d-c567a357db09}",
                    "value": "Change Theme"
                }
            ]
        },
        {
            "properties": {
                "__categories": [
                ],
                "__groups": [
                ],
                "description": {
                    "enabled": true,
                    "type": "text",
                    "value": "",
                    "visible": true
                },
                "id": {
                    "enabled": true,
                    "type": "uuid",
                    "value": "{99e28a31-50f8-4509-9de1-409d2e6f59a0}",
                    "visible": true
                },
                "name": {
                    "enabled": true,
                    "type": "text",
                    "value": "Wifi",
                    "visible": true
                },
                "path": {
                    "enabled": true,
                    "type": "text",
                    "value": "/",
                    "visible": true
                }
            },
            "values": [
                {
                    "language": "{fdfeb669-a0d0-4df3-b88d-c567a357db09}",
                    "value": "Wifi"
                }
            ]
        },
        {
            "properties": {
                "__categories": [
                ],
                "__groups": [
                ],
                "description": {
                    "enabled": true,
                    "type": "text",
                    "value": "",
                    "visible": true
                },
                "id": {
                    "enabled": true,
                    "type": "uuid",
                    "value": "{9b97c630-bebe-4b85-90f3-0f0ade2910a5}",
                    "visible": true
                },
                "name": {
                    "enabled": true,
                    "type": "text",
                    "value": "BluetoothConName",
                    "visible": true
                },
                "path": {
                    "enabled": true,
                    "type": "text",
                    "value": "/",
                    "visible": true
                }
            },
            "values": [
                {
                    "language": "{fdfeb669-a0d0-4df3-b88d-c567a357db09}",
                    "value": "Lee's iPhone"
                }
            ]
        },
        {
            "properties": {
                "__categories": [
                ],
                "__groups": [
                ],
                "description": {
                    "enabled": true,
                    "type": "text",
                    "value": "",
                    "visible": true
                },
                "id": {
                    "enabled": true,
                    "type": "uuid",
                    "value": "{a46d319c-b56f-44be-b146-7f1a68f2bc1b}",
                    "visible": true
                },
                "name": {
                    "enabled": true,
                    "type": "text",
                    "value": "SettingsLbl",
                    "visible": true
                },
                "path": {
                    "enabled": true,
                    "type": "text",
                    "value": "/",
                    "visible": true
                }
            },
            "values": [
                {
                    "language": "{fdfeb669-a0d0-4df3-b88d-c567a357db09}",
                    "value": "Settings"
                }
            ]
        },
        {
            "properties": {
                "__categories": [
                ],
                "__groups": [
                ],
                "description": {
                    "enabled": true,
                    "type": "text",
                    "value": "",
                    "visible": true
                },
                "id": {
                    "enabled": true,
                    "type": "uuid",
                    "value": "{b123f4a5-5adb-455d-8807-a585aad05169}",
                    "visible": true
                },
                "name": {
                    "enabled": true,
                    "type": "text",
                    "value": "ChlorineDemoVal",
                    "visible": true
                },
                "path": {
                    "enabled": true,
                    "type": "text",
                    "value": "/",
                    "visible": true
                }
            },
            "values": [
                {
                    "language": "{fdfeb669-a0d0-4df3-b88d-c567a357db09}",
                    "value": "3 ppm"
                }
            ]
        },
        {
            "properties": {
                "__categories": [
                ],
                "__groups": [
                ],
                "description": {
                    "enabled": true,
                    "type": "text",
                    "value": "",
                    "visible": true
                },
                "id": {
                    "enabled": true,
                    "type": "uuid",
                    "value": "{b2bff324-9f3a-49b2-a9a2-704cd312e6fb}",
                    "visible": true
                },
                "name": {
                    "enabled": true,
                    "type": "text",
                    "value": "SongTitle",
                    "visible": true
                },
                "path": {
                    "enabled": true,
                    "type": "text",
                    "value": "/",
                    "visible": true
                }
            },
            "values": [
                {
                    "language": "{fdfeb669-a0d0-4df3-b88d-c567a357db09}",
                    "value": "Song Title"
                }
            ]
        },
        {
            "properties": {
                "__categories": [
                ],
                "__groups": [
                ],
                "description": {
                    "enabled": true,
                    "type": "text",
                    "value": "",
                    "visible": true
                },
                "id": {
                    "enabled": true,
                    "type": "uuid",
                    "value": "{b5e55d5a-5c82-4d8d-b6d3-da82e24d33ba}",
                    "visible": true
                },
                "name": {
                    "enabled": true,
                    "type": "text",
                    "value": "StartCleanNow",
                    "visible": true
                },
                "path": {
                    "enabled": true,
                    "type": "text",
                    "value": "/",
                    "visible": true
                }
            },
            "values": [
                {
                    "language": "{fdfeb669-a0d0-4df3-b88d-c567a357db09}",
                    "value": "Start Now"
                }
            ]
        },
        {
            "properties": {
                "__categories": [
                ],
                "__groups": [
                ],
                "description": {
                    "enabled": true,
                    "type": "text",
                    "value": "",
                    "visible": true
                },
                "id": {
                    "enabled": true,
                    "type": "uuid",
                    "value": "{b76ac1ee-f6c9-44fa-a38a-a84cd654f260}",
                    "visible": true
                },
                "name": {
                    "enabled": true,
                    "type": "text",
                    "value": "WifiConName",
                    "visible": true
                },
                "path": {
                    "enabled": true,
                    "type": "text",
                    "value": "/",
                    "visible": true
                }
            },
            "values": [
                {
                    "language": "{fdfeb669-a0d0-4df3-b88d-c567a357db09}",
                    "value": "Fast Net Connection"
                }
            ]
        },
        {
            "properties": {
                "__categories": [
                ],
                "__groups": [
                ],
                "description": {
                    "enabled": true,
                    "type": "text",
                    "value": "",
                    "visible": true
                },
                "id": {
                    "enabled": true,
                    "type": "uuid",
                    "value": "{b8dd8f38-0291-47f5-b053-bd0f4df0e908}",
                    "visible": true
                },
                "name": {
                    "enabled": true,
                    "type": "text",
                    "value": "CleanCycle",
                    "visible": true
                },
                "path": {
                    "enabled": true,
                    "type": "text",
                    "value": "/",
                    "visible": true
                }
            },
            "values": [
                {
                    "language": "{fdfeb669-a0d0-4df3-b88d-c567a357db09}",
                    "value": "Clean Cycle"
                }
            ]
        },
        {
            "properties": {
                "__categories": [
                ],
                "__groups": [
                ],
                "description": {
                    "enabled": true,
                    "type": "text",
                    "value": "",
                    "visible": true
                },
                "id": {
                    "enabled": true,
                    "type": "uuid",
                    "value": "{b9a30b72-4bbf-4ae0-b79e-ca14984b9545}",
                    "visible": true
                },
                "name": {
                    "enabled": true,
                    "type": "text",
                    "value": "Fahrenheit",
                    "visible": true
                },
                "path": {
                    "enabled": true,
                    "type": "text",
                    "value": "/",
                    "visible": true
                }
            },
            "values": [
                {
                    "language": "{fdfeb669-a0d0-4df3-b88d-c567a357db09}",
                    "value": "Fahrenheit"
                }
            ]
        },
        {
            "properties": {
                "__categories": [
                ],
                "__groups": [
                ],
                "description": {
                    "enabled": true,
                    "type": "text",
                    "value": "",
                    "visible": true
                },
                "id": {
                    "enabled": true,
                    "type": "uuid",
                    "value": "{b9ad57f3-8d3d-4f2b-9086-d9ee8bda392a}",
                    "visible": true
                },
                "name": {
                    "enabled": true,
                    "type": "text",
                    "value": "ChgThm",
                    "visible": true
                },
                "path": {
                    "enabled": true,
                    "type": "text",
                    "value": "/",
                    "visible": true
                }
            },
            "values": [
                {
                    "language": "{fdfeb669-a0d0-4df3-b88d-c567a357db09}",
                    "value": "Change"
                }
            ]
        },
        {
            "properties": {
                "__categories": [
                ],
                "__groups": [
                ],
                "description": {
                    "enabled": true,
                    "type": "text",
                    "value": "",
                    "visible": true
                },
                "id": {
                    "enabled": true,
                    "type": "uuid",
                    "value": "{b9c877bf-2fdf-478d-b3e0-ec870f08e513}",
                    "visible": true
                },
                "name": {
                    "enabled": true,
                    "type": "text",
                    "value": "OtherNetworks",
                    "visible": true
                },
                "path": {
                    "enabled": true,
                    "type": "text",
                    "value": "/",
                    "visible": true
                }
            },
            "values": [
                {
                    "language": "{fdfeb669-a0d0-4df3-b88d-c567a357db09}",
                    "value": "Other Networks"
                }
            ]
        },
        {
            "properties": {
                "__categories": [
                ],
                "__groups": [
                ],
                "description": {
                    "enabled": true,
                    "type": "text",
                    "value": "",
                    "visible": true
                },
                "id": {
                    "enabled": true,
                    "type": "uuid",
                    "value": "{c53bb130-920c-4705-b0e1-8cc73c1f39a8}",
                    "visible": true
                },
                "name": {
                    "enabled": true,
                    "type": "text",
                    "value": "BluetoothOtherDevAvlbLbl",
                    "visible": true
                },
                "path": {
                    "enabled": true,
                    "type": "text",
                    "value": "/",
                    "visible": true
                }
            },
            "values": [
                {
                    "language": "{fdfeb669-a0d0-4df3-b88d-c567a357db09}",
                    "value": "Other Devices Available"
                }
            ]
        },
        {
            "properties": {
                "__categories": [
                ],
                "__groups": [
                ],
                "description": {
                    "enabled": true,
                    "type": "text",
                    "value": "",
                    "visible": true
                },
                "id": {
                    "enabled": true,
                    "type": "uuid",
                    "value": "{d540c8b0-248a-4167-bd29-85e92609e6b8}",
                    "visible": true
                },
                "name": {
                    "enabled": true,
                    "type": "text",
                    "value": "TempUnits",
                    "visible": true
                },
                "path": {
                    "enabled": true,
                    "type": "text",
                    "value": "/",
                    "visible": true
                }
            },
            "values": [
                {
                    "language": "{fdfeb669-a0d0-4df3-b88d-c567a357db09}",
                    "value": "Temperature Units"
                }
            ]
        },
        {
            "properties": {
                "__categories": [
                ],
                "__groups": [
                ],
                "description": {
                    "enabled": true,
                    "type": "text",
                    "value": "",
                    "visible": true
                },
                "id": {
                    "enabled": true,
                    "type": "uuid",
                    "value": "{dfc8f442-90e5-4adc-9a26-532d14e9b839}",
                    "visible": true
                },
                "name": {
                    "enabled": true,
                    "type": "text",
                    "value": "AllRegions",
                    "visible": true
                },
                "path": {
                    "enabled": true,
                    "type": "text",
                    "value": "/",
                    "visible": true
                }
            },
            "values": [
                {
                    "language": "{fdfeb669-a0d0-4df3-b88d-c567a357db09}",
                    "value": "All Regions"
                }
            ]
        },
        {
            "properties": {
                "__categories": [
                ],
                "__groups": [
                ],
                "description": {
                    "enabled": true,
                    "type": "text",
                    "value": "",
                    "visible": true
                },
                "id": {
                    "enabled": true,
                    "type": "uuid",
                    "value": "{e395d291-fd48-402e-a252-ec056a3ce839}",
                    "visible": true
                },
                "name": {
                    "enabled": true,
                    "type": "text",
                    "value": "ControlDisplay",
                    "visible": true
                },
                "path": {
                    "enabled": true,
                    "type": "text",
                    "value": "/",
                    "visible": true
                }
            },
            "values": [
                {
                    "language": "{fdfeb669-a0d0-4df3-b88d-c567a357db09}",
                    "value": "Control Display"
                }
            ]
        },
        {
            "properties": {
                "__categories": [
                ],
                "__groups": [
                ],
                "description": {
                    "enabled": true,
                    "type": "text",
                    "value": "Degrees Sign",
                    "visible": true
                },
                "id": {
                    "enabled": true,
                    "type": "uuid",
                    "value": "{e4df21aa-c64c-4349-8896-9a5b9e69f074}",
                    "visible": true
                },
                "name": {
                    "enabled": true,
                    "type": "text",
                    "value": "DegSign",
                    "visible": true
                },
                "path": {
                    "enabled": true,
                    "type": "text",
                    "value": "/",
                    "visible": true
                }
            },
            "values": [
                {
                    "language": "{fdfeb669-a0d0-4df3-b88d-c567a357db09}",
                    "value": "°"
                }
            ]
        },
        {
            "properties": {
                "__categories": [
                ],
                "__groups": [
                ],
                "description": {
                    "enabled": true,
                    "type": "text",
                    "value": "",
                    "visible": true
                },
                "id": {
                    "enabled": true,
                    "type": "uuid",
                    "value": "{f0bf883e-ed18-47d7-bbf8-2b3c92fbaec0}",
                    "visible": true
                },
                "name": {
                    "enabled": true,
                    "type": "text",
                    "value": "Chlorine",
                    "visible": true
                },
                "path": {
                    "enabled": true,
                    "type": "text",
                    "value": "/",
                    "visible": true
                }
            },
            "values": [
                {
                    "language": "{fdfeb669-a0d0-4df3-b88d-c567a357db09}",
                    "value": "Chlorine"
                }
            ]
        },
        {
            "properties": {
                "__categories": [
                ],
                "__groups": [
                ],
                "description": {
                    "enabled": true,
                    "type": "text",
                    "value": "",
                    "visible": true
                },
                "id": {
                    "enabled": true,
                    "type": "uuid",
                    "value": "{f16ab17e-6be5-4116-bec7-faa521591c9d}",
                    "visible": true
                },
                "name": {
                    "enabled": true,
                    "type": "text",
                    "value": "Off",
                    "visible": true
                },
                "path": {
                    "enabled": true,
                    "type": "text",
                    "value": "/",
                    "visible": true
                }
            },
            "values": [
                {
                    "language": "{fdfeb669-a0d0-4df3-b88d-c567a357db09}",
                    "value": "Off"
                }
            ]
        },
        {
            "properties": {
                "__categories": [
                ],
                "__groups": [
                ],
                "description": {
                    "enabled": true,
                    "type": "text",
                    "value": "",
                    "visible": true
                },
                "id": {
                    "enabled": true,
                    "type": "uuid",
                    "value": "{f36640d8-edb1-4afa-b239-717aa0edb01b}",
                    "visible": true
                },
                "name": {
                    "enabled": true,
                    "type": "text",
                    "value": "WaterCleanDemoVal",
                    "visible": true
                },
                "path": {
                    "enabled": true,
                    "type": "text",
                    "value": "/",
                    "visible": true
                }
            },
            "values": [
                {
                    "language": "{fdfeb669-a0d0-4df3-b88d-c567a357db09}",
                    "value": "Sep 1"
                }
            ]
        },
        {
            "properties": {
                "__categories": [
                ],
                "__groups": [
                ],
                "description": {
                    "enabled": true,
                    "type": "text",
                    "value": "",
                    "visible": true
                },
                "id": {
                    "enabled": true,
                    "type": "uuid",
                    "value": "{f5cfd5e0-ef4a-43da-a0d3-e1887b76a4c9}",
                    "visible": true
                },
                "name": {
                    "enabled": true,
                    "type": "text",
                    "value": "FilterCleanDemoVal",
                    "visible": true
                },
                "path": {
                    "enabled": true,
                    "type": "text",
                    "value": "/",
                    "visible": true
                }
            },
            "values": [
                {
                    "language": "{fdfeb669-a0d0-4df3-b88d-c567a357db09}",
                    "value": "Jun 20"
                }
            ]
        },
        {
            "properties": {
                "__categories": [
                ],
                "__groups": [
                ],
                "description": {
                    "enabled": true,
                    "type": "text",
                    "value": "",
                    "visible": true
                },
                "id": {
                    "enabled": true,
                    "type": "uuid",
                    "value": "{fa5d9965-044f-43c4-83c6-9ae9cfdcb6d6}",
                    "visible": true
                },
                "name": {
                    "enabled": true,
                    "type": "text",
                    "value": "WaterTemp",
                    "visible": true
                },
                "path": {
                    "enabled": true,
                    "type": "text",
                    "value": "/",
                    "visible": true
                }
            },
            "values": [
                {
                    "language": "{fdfeb669-a0d0-4df3-b88d-c567a357db09}",
                    "value": "Water Temp"
                }
            ]
        }
    ]
}
