{
    "fonts": [
        {
            "id": "{8c0e8e1c-a59c-4eac-86f4-af432994f8b9}",
            "name": "NotoSans_Regular"
        },
        {
            "id": "{db5c6089-0d24-46c1-9495-4be7e25a6403}",
            "name": "InterRegular16"
        },
        {
            "id": "{1de3641f-b0ea-46c3-8f21-251fde024493}",
            "name": "InterBold32"
        },
        {
            "id": "{df288ec5-2a0b-4563-8b36-af27c86d94e9}",
            "name": "InterBold96"
        },
        {
            "id": "{6de94bf7-2c5c-473b-9c3f-4ea772600c7a}",
            "name": "InterRegular12"
        },
        {
            "id": "{3d5bcb08-0fa4-485d-9af2-f5161637eb3c}",
            "name": "InterBold40"
        },
        {
            "id": "{b9953166-839d-467e-978b-12257e07a062}",
            "name": "InterBold20"
        },
        {
            "id": "{61b463c4-271d-4ea6-82df-705cc5f7c616}",
            "name": "InterBold24"
        },
        {
            "id": "{72342cd7-2038-4b93-b15b-a7eea1e7a285}",
            "name": "InterBold12"
        },
        {
            "id": "{950e515a-0d4e-422f-a1c6-b52d0abe21f0}",
            "name": "InterBold16"
        },
        {
            "id": "{103be1a6-d5fd-4fdc-bf2d-d01aee8df06f}",
            "name": "InterRegular20"
        }
    ],
    "paths": [
    ]
}
